{"cameraMode":{"drawMode":0,"name":"Shaded","section":"Shading Mode"},"sceneLighting":false,"audioPlay":false,"sceneViewState":{"m_AlwaysRefresh":false,"showFog":true,"showSkybox":false,"showFlares":true,"showImageEffects":true,"showParticleSystems":true,"showVisualEffectGraphs":true,"m_FxEnabled":true},"in2DMode":false,"pivot":{"x":-0.3510453701019287,"y":0.6246718168258667,"z":3.25630784034729},"rotation":{"x":0.6475289463996887,"y":0.009143874980509282,"z":-0.00777054950594902,"w":0.7619468569755554},"size":0.20143362879753114,"orthographic":false}