{"cameraMode":{"drawMode":0,"name":"Shaded","section":"Shading Mode"},"sceneLighting":true,"audioPlay":false,"sceneViewState":{"m_AlwaysRefresh":false,"showFog":true,"showSkybox":true,"showFlares":true,"showImageEffects":true,"showParticleSystems":true,"showVisualEffectGraphs":true,"m_FxEnabled":true},"in2DMode":false,"pivot":{"x":-0.24278908967971803,"y":-6.215327739715576,"z":6.551967144012451},"rotation":{"x":-0.3983772397041321,"y":0.015680689364671708,"z":-0.006811682600528002,"w":-0.9170635342597961},"size":6.172727584838867,"orthographic":true}